,Election,Voting-age Population (VAP),Voting-eligible Population (VEP),Turnout,Turnout as % of VAP,Turnout as % of VEP,Winner votes,Runner-up votes,Winner as % of VEP,Runner-up as % of VEP
0,1932,"75,768,000",—,"39,816,522",52.6%,—,"22,821,277","15,761,254",—,—
1,1936,"80,055,000",—,"45,646,817",57.0%,—,"27,752,648","16,679,543",—,—
2,1940,"84,319,000",—,"49,815,312",59.1%,—,"27,313,945","22,347,744",—,—
3,1944,"90,599,000",—,"48,025,684",53.0%,—,"25,612,916","22,017,929",—,—
4,1948,"94,877,000",—,"48,833,680",51.5%,—,"24,179,347","21,991,292",—,—
5,1952,"98,113,000",—,"61,551,919",62.7%,—,"34,075,529","27,375,090",—,—
6,1956,"102,753,000",—,"62,027,040",60.4%,—,"35,579,180","26,028,028",—,—
7,1960,"108,458,000",—,"68,836,385",63.5%,—,"34,220,984","34,108,157",—,—
8,1964,"110,604,000",—,"70,097,935",63.4%,—,"43,127,041","27,175,754",—,—
9,1968,"116,353,000",—,"73,026,831",62.8%,—,"31,783,783","31,271,839",—,—
10,1972,"136,203,000",—,"77,625,152",57.0%,—,"47,168,710","29,173,222",—,—
11,1976,"146,548,000",—,"81,603,346",55.7%,—,"40,831,881","39,148,634",—,—
12,1980,"157,085,000","147,870,815","86,496,851",55.1%,58.4%,"43,903,230","35,480,115",27.50%,22.23%
13,1984,"169,963,000","167,701,904","92,654,861",54.5%,55.2%,"54,455,472","37,577,352",32.47%,22.41%
14,1988,"178,098,000","173,579,281","91,586,725",51.4%,52.8%,"48,886,597","41,809,476",28.16%,24.09%
15,1992,"185,684,000","179,655,523","104,600,366",56.3%,58.2%,"44,909,889","39,104,550",25.00%,21.77%
16,1996,"193,652,000","186,347,044","96,389,818",49.8%,51.7%,"47,401,185","39,197,469",25.44%,21.03%
17,2000,"202,609,000","194,331,436","105,594,024",52.1%,54.3%,"50,456,002","50,999,897",25.96%,26.24%
18,2004,"219,508,000","203,483,455","122,349,480",56.7%,60.1%,"62,040,610","59,028,444",30.49%,29.01%
19,2008,"225,499,000","213,313,508","131,406,895",58.3%,61.6%,"69,498,516","59,948,323",32.58%,28.10%
20,2012,"235,248,000","222,474,111","129,139,997",54.9%,58.0%,"65,915,795","60,933,504",29.63%,27.39%
21,2016,"245,502,000","230,931,921","136,787,187",55.7%,59.2%,"62,984,828","65,853,514",27.27%,28.55%
22,2020,"252,274,000","242,690,810","158,427,986",62.8%,65.3%,"81,283,501","74,223,975",33.78%,30.85%
23,2024,"264,798,961","244,666,890","156,302,318",59.0%,63.9%,"77,303,573","75,019,257",31.59%,30.66%
